time_utc,time_local,issued_at_utc,issued_before_noon,model_month,lstm,weekly_naive,actual
2026-10-02 22:00:00+00:00,2026-10-03 00:00:00+02:00,2026-10-02 12:41:28.918836+00:00,False,2026-10,0.5504527115335444,0.8506775,0.69154
2026-10-02 23:00:00+00:00,2026-10-03 01:00:00+02:00,2026-10-02 12:41:28.918836+00:00,False,2026-10,0.5292258478810941,0.5085625,0.652585
2026-10-03 00:00:00+00:00,2026-10-03 02:00:00+02:00,2026-10-02 12:41:28.918836+00:00,False,2026-10,0.5247356338337195,0.5088725,0.6389675
2026-10-03 01:00:00+00:00,2026-10-03 03:00:00+02:00,2026-10-02 12:41:28.918836+00:00,False,2026-10,0.5037478303373651,0.5056825,0.6346175000000001
2026-10-03 02:00:00+00:00,2026-10-03 04:00:00+02:00,2026-10-02 12:41:28.918836+00:00,False,2026-10,0.5253102561325603,0.5193175,0.61408
2026-10-03 03:00:00+00:00,2026-10-03 05:00:00+02:00,2026-10-02 12:41:28.918836+00:00,False,2026-10,0.5343212672447389,0.44794,0.6349
2026-10-03 04:00:00+00:00,2026-10-03 06:00:00+02:00,2026-10-02 12:41:28.918836+00:00,False,2026-10,0.49328080382012685,0.5171175,0.6623600000000001
2026-10-03 05:00:00+00:00,2026-10-03 07:00:00+02:00,2026-10-02 12:41:28.918836+00:00,False,2026-10,0.5063083629881717,0.6073275,0.694675
2026-10-03 06:00:00+00:00,2026-10-03 08:00:00+02:00,2026-10-02 12:41:28.918836+00:00,False,2026-10,0.5085668777659607,0.7898075,0.689025
2026-10-03 07:00:00+00:00,2026-10-03 09:00:00+02:00,2026-10-02 12:41:28.918836+00:00,False,2026-10,0.559580749345778,0.7609225,0.627215
2026-10-03 08:00:00+00:00,2026-10-03 10:00:00+02:00,2026-10-02 12:41:28.918836+00:00,False,2026-10,0.4795075963465776,0.53047,0.5146425
2026-10-03 09:00:00+00:00,2026-10-03 11:00:00+02:00,2026-10-02 12:41:28.918836+00:00,False,2026-10,0.3724725995114615,0.448675,0.4247825
2026-10-03 10:00:00+00:00,2026-10-03 12:00:00+02:00,2026-10-02 12:41:28.918836+00:00,False,2026-10,0.32565308052464415,0.2372,0.3370975
2026-10-03 11:00:00+00:00,2026-10-03 13:00:00+02:00,2026-10-02 12:41:28.918836+00:00,False,2026-10,0.3018688992953108,0.15774749999999998,0.3198375
2026-10-03 12:00:00+00:00,2026-10-03 14:00:00+02:00,2026-10-02 12:41:28.918836+00:00,False,2026-10,0.31559700614982894,0.2011175,0.33172999999999997
2026-10-03 13:00:00+00:00,2026-10-03 15:00:00+02:00,2026-10-02 12:41:28.918836+00:00,False,2026-10,0.3791065213315699,0.3944925,0.464135
2026-10-03 14:00:00+00:00,2026-10-03 16:00:00+02:00,2026-10-02 12:41:28.918836+00:00,False,2026-10,0.4145953633242444,0.448395,0.8617425
2026-10-03 15:00:00+00:00,2026-10-03 17:00:00+02:00,2026-10-02 12:41:28.918836+00:00,False,2026-10,0.585886538933108,0.95063,0.9540025000000001
2026-10-03 16:00:00+00:00,2026-10-03 18:00:00+02:00,2026-10-02 12:41:28.918836+00:00,False,2026-10,0.6661579266218502,1.180715,1.0432125
2026-10-03 17:00:00+00:00,2026-10-03 19:00:00+02:00,2026-10-02 12:41:28.918836+00:00,False,2026-10,0.6220840409504836,1.2034725000000002,0.99533
2026-10-03 18:00:00+00:00,2026-10-03 20:00:00+02:00,2026-10-02 12:41:28.918836+00:00,False,2026-10,0.5631978319320001,1.1884225,0.924455
2026-10-03 19:00:00+00:00,2026-10-03 21:00:00+02:00,2026-10-02 12:41:28.918836+00:00,False,2026-10,0.5172830626178453,1.086245,0.3228025
2026-10-03 20:00:00+00:00,2026-10-03 22:00:00+02:00,2026-10-02 12:41:28.918836+00:00,False,2026-10,0.46213969733569393,0.825155,0.124295
2026-10-03 21:00:00+00:00,2026-10-03 23:00:00+02:00,2026-10-02 12:41:28.918836+00:00,False,2026-10,0.45824744722292005,0.89673,0.0559875
