time_utc,time_local,hour,weekday,month,is_weekend,is_holiday,price_lag_24h,price_lag_48h,price_lag_168h,prev_day_mean,prev_day_min,prev_day_max,prev_day_std,prev_7d_mean,temperature_2m,wind_speed_10m,precipitation,cloud_cover,shortwave_radiation,issued_at_utc
2026-10-07 22:00:00+00:00,2026-10-08 00:00:00+02:00,0,3,10,0,0,1.0843025,-0.000365,0.5715575,1.1996813541666669,0.8688450000000001,1.7779425,0.2464957488884897,0.635326443452381,9.5,4.3,0.0,100.0,0.0,2026-10-07 15:33:33.071096+00:00
2026-10-07 23:00:00+00:00,2026-10-08 01:00:00+02:00,1,3,10,0,0,1.056565,0.000225,0.425975,1.1996813541666669,0.8688450000000001,1.7779425,0.2464957488884897,0.635326443452381,10.0,5.8,0.0,100.0,0.0,2026-10-07 15:33:33.071096+00:00
2026-10-08 00:00:00+00:00,2026-10-08 02:00:00+02:00,2,3,10,0,0,1.0214075,0.0005625,0.4139375,1.1996813541666669,0.8688450000000001,1.7779425,0.2464957488884897,0.635326443452381,10.3,6.8,0.0,100.0,0.0,2026-10-07 15:33:33.071096+00:00
2026-10-08 01:00:00+00:00,2026-10-08 03:00:00+02:00,3,3,10,0,0,1.0413775,-8.25e-05,0.4179875,1.1996813541666669,0.8688450000000001,1.7779425,0.2464957488884897,0.635326443452381,10.7,7.6,0.0,100.0,0.0,2026-10-07 15:33:33.071096+00:00
2026-10-08 02:00:00+00:00,2026-10-08 04:00:00+02:00,4,3,10,0,0,1.050265,0.0001425,0.41598,1.1996813541666669,0.8688450000000001,1.7779425,0.2464957488884897,0.635326443452381,10.9,9.7,0.0,100.0,0.0,2026-10-07 15:33:33.071096+00:00
2026-10-08 03:00:00+00:00,2026-10-08 05:00:00+02:00,5,3,10,0,0,1.066185,0.00593,0.48116,1.1996813541666669,0.8688450000000001,1.7779425,0.2464957488884897,0.635326443452381,11.1,11.2,0.0,100.0,0.0,2026-10-07 15:33:33.071096+00:00
2026-10-08 04:00:00+00:00,2026-10-08 06:00:00+02:00,6,3,10,0,0,1.334715,-0.015405,1.105665,1.1996813541666669,0.8688450000000001,1.7779425,0.2464957488884897,0.635326443452381,11.2,10.8,0.2,100.0,0.0,2026-10-07 15:33:33.071096+00:00
2026-10-08 05:00:00+00:00,2026-10-08 07:00:00+02:00,7,3,10,0,0,1.522885,-0.0147575,1.341785,1.1996813541666669,0.8688450000000001,1.7779425,0.2464957488884897,0.635326443452381,11.7,10.4,0.1,100.0,0.0,2026-10-07 15:33:33.071096+00:00
2026-10-08 06:00:00+00:00,2026-10-08 08:00:00+02:00,8,3,10,0,0,1.5240675,0.30625,1.27847,1.1996813541666669,0.8688450000000001,1.7779425,0.2464957488884897,0.635326443452381,11.9,12.2,0.4,100.0,2.0,2026-10-07 15:33:33.071096+00:00
2026-10-08 07:00:00+00:00,2026-10-08 09:00:00+02:00,9,3,10,0,0,1.3522075,0.0543875,0.965695,1.1996813541666669,0.8688450000000001,1.7779425,0.2464957488884897,0.635326443452381,12.3,13.7,0.1,100.0,12.0,2026-10-07 15:33:33.071096+00:00
2026-10-08 08:00:00+00:00,2026-10-08 10:00:00+02:00,10,3,10,0,0,1.1555175,0.04759,0.8353550000000001,1.1996813541666669,0.8688450000000001,1.7779425,0.2464957488884897,0.635326443452381,12.4,14.8,0.0,100.0,20.0,2026-10-07 15:33:33.071096+00:00
2026-10-08 09:00:00+00:00,2026-10-08 11:00:00+02:00,11,3,10,0,0,1.03021,0.0337875,0.775975,1.1996813541666669,0.8688450000000001,1.7779425,0.2464957488884897,0.635326443452381,12.7,15.5,0.1,100.0,12.0,2026-10-07 15:33:33.071096+00:00
2026-10-08 10:00:00+00:00,2026-10-08 12:00:00+02:00,12,3,10,0,0,0.8688450000000001,0.0306675,0.7094050000000001,1.1996813541666669,0.8688450000000001,1.7779425,0.2464957488884897,0.635326443452381,13.2,15.1,0.0,100.0,17.0,2026-10-07 15:33:33.071096+00:00
2026-10-08 11:00:00+00:00,2026-10-08 13:00:00+02:00,13,3,10,0,0,0.8716575,0.0299625,0.6879025,1.1996813541666669,0.8688450000000001,1.7779425,0.2464957488884897,0.635326443452381,13.5,15.5,0.0,100.0,52.0,2026-10-07 15:33:33.071096+00:00
2026-10-08 12:00:00+00:00,2026-10-08 14:00:00+02:00,14,3,10,0,0,0.9071275,0.0384525,0.6754975,1.1996813541666669,0.8688450000000001,1.7779425,0.2464957488884897,0.635326443452381,13.5,14.0,0.0,100.0,65.0,2026-10-07 15:33:33.071096+00:00
2026-10-08 13:00:00+00:00,2026-10-08 15:00:00+02:00,15,3,10,0,0,1.0735525,0.1359075,0.7180175,1.1996813541666669,0.8688450000000001,1.7779425,0.2464957488884897,0.635326443452381,13.5,15.1,0.0,100.0,55.0,2026-10-07 15:33:33.071096+00:00
2026-10-08 14:00:00+00:00,2026-10-08 16:00:00+02:00,16,3,10,0,0,1.214135,0.8504125,1.06139,1.1996813541666669,0.8688450000000001,1.7779425,0.2464957488884897,0.635326443452381,13.8,13.0,0.0,100.0,35.0,2026-10-07 15:33:33.071096+00:00
2026-10-08 15:00:00+00:00,2026-10-08 17:00:00+02:00,17,3,10,0,0,1.7779425,1.1508425,1.183315,1.1996813541666669,0.8688450000000001,1.7779425,0.2464957488884897,0.635326443452381,13.8,12.2,0.0,100.0,12.0,2026-10-07 15:33:33.071096+00:00
2026-10-08 16:00:00+00:00,2026-10-08 18:00:00+02:00,18,3,10,0,0,1.60946,1.3572725,0.98354,1.1996813541666669,0.8688450000000001,1.7779425,0.2464957488884897,0.635326443452381,13.7,9.7,0.1,100.0,2.0,2026-10-07 15:33:33.071096+00:00
2026-10-08 17:00:00+00:00,2026-10-08 19:00:00+02:00,19,3,10,0,0,1.5309875,1.25389,0.9386675,1.1996813541666669,0.8688450000000001,1.7779425,0.2464957488884897,0.635326443452381,13.4,7.9,0.3,100.0,0.0,2026-10-07 15:33:33.071096+00:00
2026-10-08 18:00:00+00:00,2026-10-08 20:00:00+02:00,20,3,10,0,0,1.334405,1.256165,0.7689525,1.1996813541666669,0.8688450000000001,1.7779425,0.2464957488884897,0.635326443452381,13.3,8.6,0.3,100.0,0.0,2026-10-07 15:33:33.071096+00:00
2026-10-08 19:00:00+00:00,2026-10-08 21:00:00+02:00,21,3,10,0,0,1.1931525,1.22994,0.625555,1.1996813541666669,0.8688450000000001,1.7779425,0.2464957488884897,0.635326443452381,13.3,8.3,0.4,100.0,0.0,2026-10-07 15:33:33.071096+00:00
2026-10-08 20:00:00+00:00,2026-10-08 22:00:00+02:00,22,3,10,0,0,1.1558275,1.133445,0.44578,1.1996813541666669,0.8688450000000001,1.7779425,0.2464957488884897,0.635326443452381,13.0,6.8,0.2,100.0,0.0,2026-10-07 15:33:33.071096+00:00
2026-10-08 21:00:00+00:00,2026-10-08 23:00:00+02:00,23,3,10,0,0,1.015555,1.114185,0.4636825,1.1996813541666669,0.8688450000000001,1.7779425,0.2464957488884897,0.635326443452381,12.5,4.0,0.4,100.0,0.0,2026-10-07 15:33:33.071096+00:00
2026-10-08 22:00:00+00:00,2026-10-09 00:00:00+02:00,0,4,10,0,0,1.0304325,1.0843025,0.255165,1.291076041666667,0.3059125,1.97638,0.4106160459429517,0.7108894047619048,12.9,5.8,1.7,100.0,0.0,2026-10-08 04:05:52.310445+00:00
2026-10-08 23:00:00+00:00,2026-10-09 01:00:00+02:00,1,4,10,0,0,0.9309225,1.056565,0.13496,1.291076041666667,0.3059125,1.97638,0.4106160459429517,0.7108894047619048,12.8,9.0,1.8,100.0,0.0,2026-10-08 04:05:52.310445+00:00
2026-10-09 00:00:00+00:00,2026-10-09 02:00:00+02:00,2,4,10,0,0,0.8778475,1.0214075,0.17641,1.291076041666667,0.3059125,1.97638,0.4106160459429517,0.7108894047619048,12.7,8.3,1.8,100.0,0.0,2026-10-08 04:05:52.310445+00:00
2026-10-09 01:00:00+00:00,2026-10-09 03:00:00+02:00,3,4,10,0,0,0.91275,1.0413775,0.2009425,1.291076041666667,0.3059125,1.97638,0.4106160459429517,0.7108894047619048,12.0,7.2,0.3,100.0,0.0,2026-10-08 04:05:52.310445+00:00
2026-10-09 02:00:00+00:00,2026-10-09 04:00:00+02:00,4,4,10,0,0,1.0198625,1.050265,0.28743,1.291076041666667,0.3059125,1.97638,0.4106160459429517,0.7108894047619048,11.5,5.8,0.0,100.0,0.0,2026-10-08 04:05:52.310445+00:00
2026-10-09 03:00:00+00:00,2026-10-09 05:00:00+02:00,5,4,10,0,0,1.2797575,1.066185,0.6240975,1.291076041666667,0.3059125,1.97638,0.4106160459429517,0.7108894047619048,10.6,14.4,0.2,100.0,0.0,2026-10-08 04:05:52.310445+00:00
2026-10-09 04:00:00+00:00,2026-10-09 06:00:00+02:00,6,4,10,0,0,1.56758,1.334715,1.257685,1.291076041666667,0.3059125,1.97638,0.4106160459429517,0.7108894047619048,9.9,13.7,0.2,100.0,0.0,2026-10-08 04:05:52.310445+00:00
2026-10-09 05:00:00+00:00,2026-10-09 07:00:00+02:00,7,4,10,0,0,1.800445,1.522885,1.4537,1.291076041666667,0.3059125,1.97638,0.4106160459429517,0.7108894047619048,10.4,13.3,0.6,100.0,0.0,2026-10-08 04:05:52.310445+00:00
2026-10-09 06:00:00+00:00,2026-10-09 08:00:00+02:00,8,4,10,0,0,1.97638,1.5240675,1.38636,1.291076041666667,0.3059125,1.97638,0.4106160459429517,0.7108894047619048,10.3,16.6,1.6,100.0,1.0,2026-10-08 04:05:52.310445+00:00
2026-10-09 07:00:00+00:00,2026-10-09 09:00:00+02:00,9,4,10,0,0,1.8274175,1.3522075,1.1946825,1.291076041666667,0.3059125,1.97638,0.4106160459429517,0.7108894047619048,9.9,31.0,5.1,100.0,1.0,2026-10-08 04:05:52.310445+00:00
2026-10-09 08:00:00+00:00,2026-10-09 10:00:00+02:00,10,4,10,0,0,1.620345,1.1555175,1.09261,1.291076041666667,0.3059125,1.97638,0.4106160459429517,0.7108894047619048,9.6,29.9,0.4,100.0,6.0,2026-10-08 04:05:52.310445+00:00
2026-10-09 09:00:00+00:00,2026-10-09 11:00:00+02:00,11,4,10,0,0,1.490455,1.03021,0.9754975,1.291076041666667,0.3059125,1.97638,0.4106160459429517,0.7108894047619048,9.4,31.0,0.2,100.0,11.0,2026-10-08 04:05:52.310445+00:00
2026-10-09 10:00:00+00:00,2026-10-09 12:00:00+02:00,12,4,10,0,0,1.3708575,0.8688450000000001,0.9389225,1.291076041666667,0.3059125,1.97638,0.4106160459429517,0.7108894047619048,9.2,30.6,1.0,100.0,7.0,2026-10-08 04:05:52.310445+00:00
2026-10-09 11:00:00+00:00,2026-10-09 13:00:00+02:00,13,4,10,0,0,1.353165,0.8716575,0.8561725,1.291076041666667,0.3059125,1.97638,0.4106160459429517,0.7108894047619048,9.1,31.0,1.1,100.0,8.0,2026-10-08 04:05:52.310445+00:00
2026-10-09 12:00:00+00:00,2026-10-09 14:00:00+02:00,14,4,10,0,0,1.271935,0.9071275,0.8814425,1.291076041666667,0.3059125,1.97638,0.4106160459429517,0.7108894047619048,9.1,29.2,0.4,100.0,6.0,2026-10-08 04:05:52.310445+00:00
2026-10-09 13:00:00+00:00,2026-10-09 15:00:00+02:00,15,4,10,0,0,1.3400875,1.0735525,0.962495,1.291076041666667,0.3059125,1.97638,0.4106160459429517,0.7108894047619048,9.2,27.7,0.4,100.0,6.0,2026-10-08 04:05:52.310445+00:00
2026-10-09 14:00:00+00:00,2026-10-09 16:00:00+02:00,16,4,10,0,0,1.433275,1.214135,1.07261,1.291076041666667,0.3059125,1.97638,0.4106160459429517,0.7108894047619048,9.3,26.3,1.6,100.0,5.0,2026-10-08 04:05:52.310445+00:00
2026-10-09 15:00:00+00:00,2026-10-09 17:00:00+02:00,17,4,10,0,0,1.62327,1.7779425,1.5990275,1.291076041666667,0.3059125,1.97638,0.4106160459429517,0.7108894047619048,9.0,25.2,0.4,100.0,4.0,2026-10-08 04:05:52.310445+00:00
2026-10-09 16:00:00+00:00,2026-10-09 18:00:00+02:00,18,4,10,0,0,1.5340225,1.60946,1.5980075,1.291076041666667,0.3059125,1.97638,0.4106160459429517,0.7108894047619048,8.3,25.9,0.1,100.0,1.0,2026-10-08 04:05:52.310445+00:00
2026-10-09 17:00:00+00:00,2026-10-09 19:00:00+02:00,19,4,10,0,0,1.5306175,1.5309875,1.224765,1.291076041666667,0.3059125,1.97638,0.4106160459429517,0.7108894047619048,7.9,26.3,0.1,100.0,0.0,2026-10-08 04:05:52.310445+00:00
2026-10-09 18:00:00+00:00,2026-10-09 20:00:00+02:00,20,4,10,0,0,1.3669225,1.334405,0.9936,1.291076041666667,0.3059125,1.97638,0.4106160459429517,0.7108894047619048,7.8,26.3,0.1,100.0,0.0,2026-10-08 04:05:52.310445+00:00
2026-10-09 19:00:00+00:00,2026-10-09 21:00:00+02:00,21,4,10,0,0,1.116195,1.1931525,0.9461475,1.291076041666667,0.3059125,1.97638,0.4106160459429517,0.7108894047619048,7.7,23.0,0.0,100.0,0.0,2026-10-08 04:05:52.310445+00:00
2026-10-09 20:00:00+00:00,2026-10-09 22:00:00+02:00,22,4,10,0,0,0.40537,1.1558275,0.8419225,1.291076041666667,0.3059125,1.97638,0.4106160459429517,0.7108894047619048,7.6,21.6,0.0,100.0,0.0,2026-10-08 04:05:52.310445+00:00
2026-10-09 21:00:00+00:00,2026-10-09 23:00:00+02:00,23,4,10,0,0,0.3059125,1.015555,0.758325,1.291076041666667,0.3059125,1.97638,0.4106160459429517,0.7108894047619048,7.3,20.9,0.0,100.0,0.0,2026-10-08 04:05:52.310445+00:00
2026-10-09 22:00:00+00:00,2026-10-10 00:00:00+02:00,0,5,10,1,0,0.2724975,1.0304325,0.69154,0.3388554166666666,0.1510625,0.76391,0.1964156840244615,0.6300534077380953,6.7,15.1,0.0,97.0,0.0,2026-10-09 04:05:44.111042+00:00
2026-10-09 23:00:00+00:00,2026-10-10 01:00:00+02:00,1,5,10,1,0,0.222415,0.9309225,0.652585,0.3388554166666666,0.1510625,0.76391,0.1964156840244615,0.6300534077380953,6.3,12.6,0.0,81.0,0.0,2026-10-09 04:05:44.111042+00:00
2026-10-10 00:00:00+00:00,2026-10-10 02:00:00+02:00,2,5,10,1,0,0.17581,0.8778475,0.6389675,0.3388554166666666,0.1510625,0.76391,0.1964156840244615,0.6300534077380953,6.0,10.1,0.0,67.0,0.0,2026-10-09 04:05:44.111042+00:00
2026-10-10 01:00:00+00:00,2026-10-10 03:00:00+02:00,3,5,10,1,0,0.15451,0.91275,0.6346175000000001,0.3388554166666666,0.1510625,0.76391,0.1964156840244615,0.6300534077380953,5.6,10.1,0.0,24.0,0.0,2026-10-09 04:05:44.111042+00:00
2026-10-10 02:00:00+00:00,2026-10-10 04:00:00+02:00,4,5,10,1,0,0.1510625,1.0198625,0.61408,0.3388554166666666,0.1510625,0.76391,0.1964156840244615,0.6300534077380953,5.2,8.3,0.0,3.0,0.0,2026-10-09 04:05:44.111042+00:00
2026-10-10 03:00:00+00:00,2026-10-10 05:00:00+02:00,5,5,10,1,0,0.17026,1.2797575,0.6349,0.3388554166666666,0.1510625,0.76391,0.1964156840244615,0.6300534077380953,4.9,6.8,0.0,11.0,0.0,2026-10-09 04:05:44.111042+00:00
2026-10-10 04:00:00+00:00,2026-10-10 06:00:00+02:00,6,5,10,1,0,0.1998,1.56758,0.6623600000000001,0.3388554166666666,0.1510625,0.76391,0.1964156840244615,0.6300534077380953,4.7,5.8,0.0,26.0,0.0,2026-10-09 04:05:44.111042+00:00
2026-10-10 05:00:00+00:00,2026-10-10 07:00:00+02:00,7,5,10,1,0,0.24918,1.800445,0.694675,0.3388554166666666,0.1510625,0.76391,0.1964156840244615,0.6300534077380953,4.9,5.0,0.0,78.0,0.0,2026-10-09 04:05:44.111042+00:00
2026-10-10 06:00:00+00:00,2026-10-10 08:00:00+02:00,8,5,10,1,0,0.2813525,1.97638,0.689025,0.3388554166666666,0.1510625,0.76391,0.1964156840244615,0.6300534077380953,5.3,4.7,0.0,81.0,9.0,2026-10-09 04:05:44.111042+00:00
2026-10-10 07:00:00+00:00,2026-10-10 09:00:00+02:00,9,5,10,1,0,0.2744025,1.8274175,0.627215,0.3388554166666666,0.1510625,0.76391,0.1964156840244615,0.6300534077380953,5.9,7.9,0.0,96.0,39.0,2026-10-09 04:05:44.111042+00:00
2026-10-10 08:00:00+00:00,2026-10-10 10:00:00+02:00,10,5,10,1,0,0.2435475,1.620345,0.5146425,0.3388554166666666,0.1510625,0.76391,0.1964156840244615,0.6300534077380953,6.6,8.6,0.0,100.0,63.0,2026-10-09 04:05:44.111042+00:00
2026-10-10 09:00:00+00:00,2026-10-10 11:00:00+02:00,11,5,10,1,0,0.20776,1.490455,0.4247825,0.3388554166666666,0.1510625,0.76391,0.1964156840244615,0.6300534077380953,7.5,9.4,0.0,100.0,53.0,2026-10-09 04:05:44.111042+00:00
2026-10-10 10:00:00+00:00,2026-10-10 12:00:00+02:00,12,5,10,1,0,0.2054575,1.3708575,0.3370975,0.3388554166666666,0.1510625,0.76391,0.1964156840244615,0.6300534077380953,8.2,9.0,0.2,100.0,27.0,2026-10-09 04:05:44.111042+00:00
2026-10-10 11:00:00+00:00,2026-10-10 13:00:00+02:00,13,5,10,1,0,0.203525,1.353165,0.3198375,0.3388554166666666,0.1510625,0.76391,0.1964156840244615,0.6300534077380953,8.6,9.0,1.1,100.0,18.0,2026-10-09 04:05:44.111042+00:00
2026-10-10 12:00:00+00:00,2026-10-10 14:00:00+02:00,14,5,10,1,0,0.2129425,1.271935,0.3317299999999999,0.3388554166666666,0.1510625,0.76391,0.1964156840244615,0.6300534077380953,8.7,9.7,0.9,100.0,26.0,2026-10-09 04:05:44.111042+00:00
2026-10-10 13:00:00+00:00,2026-10-10 15:00:00+02:00,15,5,10,1,0,0.31504,1.3400875,0.464135,0.3388554166666666,0.1510625,0.76391,0.1964156840244615,0.6300534077380953,8.6,16.2,1.9,100.0,12.0,2026-10-09 04:05:44.111042+00:00
2026-10-10 14:00:00+00:00,2026-10-10 16:00:00+02:00,16,5,10,1,0,0.4680125,1.433275,0.8617425,0.3388554166666666,0.1510625,0.76391,0.1964156840244615,0.6300534077380953,8.5,18.0,2.3,100.0,7.0,2026-10-09 04:05:44.111042+00:00
2026-10-10 15:00:00+00:00,2026-10-10 17:00:00+02:00,17,5,10,1,0,0.62888,1.62327,0.9540025,0.3388554166666666,0.1510625,0.76391,0.1964156840244615,0.6300534077380953,8.3,15.8,1.4,100.0,6.0,2026-10-09 04:05:44.111042+00:00
2026-10-10 16:00:00+00:00,2026-10-10 18:00:00+02:00,18,5,10,1,0,0.75637,1.5340225,1.0432125,0.3388554166666666,0.1510625,0.76391,0.1964156840244615,0.6300534077380953,8.1,14.0,0.8,100.0,1.0,2026-10-09 04:05:44.111042+00:00
2026-10-10 17:00:00+00:00,2026-10-10 19:00:00+02:00,19,5,10,1,0,0.76391,1.5306175,0.99533,0.3388554166666666,0.1510625,0.76391,0.1964156840244615,0.6300534077380953,7.8,13.0,0.5,100.0,0.0,2026-10-09 04:05:44.111042+00:00
2026-10-10 18:00:00+00:00,2026-10-10 20:00:00+02:00,20,5,10,1,0,0.6495375,1.3669225,0.924455,0.3388554166666666,0.1510625,0.76391,0.1964156840244615,0.6300534077380953,7.8,9.7,0.0,100.0,0.0,2026-10-09 04:05:44.111042+00:00
2026-10-10 19:00:00+00:00,2026-10-10 21:00:00+02:00,21,5,10,1,0,0.561645,1.116195,0.3228025,0.3388554166666666,0.1510625,0.76391,0.1964156840244615,0.6300534077380953,7.6,10.4,0.0,100.0,0.0,2026-10-09 04:05:44.111042+00:00
2026-10-10 20:00:00+00:00,2026-10-10 22:00:00+02:00,22,5,10,1,0,0.495755,0.40537,0.124295,0.3388554166666666,0.1510625,0.76391,0.1964156840244615,0.6300534077380953,7.6,9.7,0.0,100.0,0.0,2026-10-09 04:05:44.111042+00:00
2026-10-10 21:00:00+00:00,2026-10-10 23:00:00+02:00,23,5,10,1,0,0.2688574999999999,0.3059125,0.0559875,0.3388554166666666,0.1510625,0.76391,0.1964156840244615,0.6300534077380953,7.6,7.9,0.0,100.0,0.0,2026-10-09 04:05:44.111042+00:00
