feature,mae_increase,mean_abs_shap
price_lag_24h,0.05933634950127182,0.17477776895890734
wind_speed_10m,0.03167707715747565,0.05838967330486542
temperature_2m,0.02993756385380239,0.08247876004102835
weekday,0.026475268380460725,0.059572026520070195
hour,0.022610016490592844,0.06091471608531095
prev_day_min,0.012736675823183524,0.056671349886988034
prev_day_mean,0.007179936360408469,0.04116087058305289
price_lag_168h,0.007083921251252651,0.03502975518750308
prev_day_std,0.0032183196089128896,0.01738946667953689
month,0.0031099824785758754,0.015817319888071942
is_holiday,0.0030329201384605062,0.009240346631454417
prev_day_max,0.0010506374319105005,0.016152536412723146
shortwave_radiation,0.0005965900417475948,0.007140794043583941
is_weekend,0.000569216579635573,0.00634502483179475
prev_7d_mean,0.00031759339868919767,0.027100327072073924
precipitation,0.00011721359311277675,0.0014290908799114185
price_lag_48h,0.00011206448572178192,0.011746844380352199
cloud_cover,7.181023121884585e-05,0.004187462149641515
