run_name,stage,month,mae
same_hour_yesterday,validation,2024-10,0.1968854630872483
same_hour_yesterday,validation,2024-11,0.368034375
same_hour_yesterday,validation,2024-12,0.3963641666666667
same_hour_yesterday,validation,2025-01,0.4150688709677419
same_hour_yesterday,validation,2025-02,0.3386754761904762
same_hour_yesterday,validation,2025-03,0.3391444414535666
same_hour_yesterday,validation,2025-04,0.2363658055555555
same_hour_yesterday,validation,2025-05,0.1767268010752688
same_hour_yesterday,validation,2025-06,0.1541184722222222
same_hour_yesterday,validation,2025-07,0.2053052688172043
same_hour_yesterday,validation,2025-08,0.1943256854838709
same_hour_yesterday,validation,2025-09,0.26660075
same_hour_last_week,validation,2024-10,0.2509806308724832
same_hour_last_week,validation,2024-11,0.5071190694444444
same_hour_last_week,validation,2024-12,0.5454894758064517
same_hour_last_week,validation,2025-01,0.5415495430107528
same_hour_last_week,validation,2025-02,0.5998555357142857
same_hour_last_week,validation,2025-03,0.4857202557200538
same_hour_last_week,validation,2025-04,0.247656625
same_hour_last_week,validation,2025-05,0.3505934677419355
same_hour_last_week,validation,2025-06,0.1509458472222222
same_hour_last_week,validation,2025-07,0.2371490053763441
same_hour_last_week,validation,2025-08,0.2448717473118279
same_hour_last_week,validation,2025-09,0.375692375
weekly_naive,validation,2024-10,0.1966421342281879
weekly_naive,validation,2024-11,0.4260430694444445
weekly_naive,validation,2024-12,0.4271529569892473
weekly_naive,validation,2025-01,0.4695751747311827
weekly_naive,validation,2025-02,0.4944800446428571
weekly_naive,validation,2025-03,0.2758907671601615
weekly_naive,validation,2025-04,0.2410429861111111
weekly_naive,validation,2025-05,0.2242079838709677
weekly_naive,validation,2025-06,0.1363822638888888
weekly_naive,validation,2025-07,0.2112904973118279
weekly_naive,validation,2025-08,0.1788735349462365
weekly_naive,validation,2025-09,0.2967031111111111
yesterday_mean,validation,2024-10,0.1980176722371364
yesterday_mean,validation,2024-11,0.4078257210648148
yesterday_mean,validation,2024-12,0.4323781037186379
yesterday_mean,validation,2025-01,0.4409325481630824
yesterday_mean,validation,2025-02,0.3712072135416667
yesterday_mean,validation,2025-03,0.365869443233464
yesterday_mean,validation,2025-04,0.2421257199074074
yesterday_mean,validation,2025-05,0.2471473454301075
yesterday_mean,validation,2025-06,0.1895305879629629
yesterday_mean,validation,2025-07,0.2234985584677419
yesterday_mean,validation,2025-08,0.2306422871863799
yesterday_mean,validation,2025-09,0.3219875914351852
same_hour_yesterday,test,2025-10,0.3926588053691275
same_hour_yesterday,test,2025-11,0.3703123333333333
same_hour_yesterday,test,2025-12,0.2661940255376344
same_hour_yesterday,test,2026-01,0.2672358971774193
same_hour_yesterday,test,2026-02,0.2713027492559524
same_hour_yesterday,test,2026-03,0.2798200605652759
same_hour_yesterday,test,2026-04,0.280415875
same_hour_yesterday,test,2026-05,0.2840438541666666
same_hour_yesterday,test,2026-06,0.3197781354166666
same_hour_yesterday,test,2026-07,0.2332492405913978
same_hour_yesterday,test,2026-08,0.3578099294354838
same_hour_yesterday,test,2026-09,0.50811609375
same_hour_last_week,test,2025-10,0.4533062483221476
same_hour_last_week,test,2025-11,0.4592091076388889
same_hour_last_week,test,2025-12,0.3918574966397849
same_hour_last_week,test,2026-01,0.3673868380376344
same_hour_last_week,test,2026-02,0.3849424107142857
same_hour_last_week,test,2026-03,0.3329858411843876
same_hour_last_week,test,2026-04,0.3958007048611111
same_hour_last_week,test,2026-05,0.4031953595430108
same_hour_last_week,test,2026-06,0.335750375
same_hour_last_week,test,2026-07,0.2823347815860215
same_hour_last_week,test,2026-08,0.4085864314516129
same_hour_last_week,test,2026-09,0.5945159455128205
weekly_naive,test,2025-10,0.3693445939597315
weekly_naive,test,2025-11,0.3259511666666667
weekly_naive,test,2025-12,0.2792112298387097
weekly_naive,test,2026-01,0.3281245060483871
weekly_naive,test,2026-02,0.3133640959821428
weekly_naive,test,2026-03,0.2480689131897712
weekly_naive,test,2026-04,0.2901988402777777
weekly_naive,test,2026-05,0.3160259711021505
weekly_naive,test,2026-06,0.3133398923611111
weekly_naive,test,2026-07,0.2057619522849462
weekly_naive,test,2026-08,0.3222134845430107
weekly_naive,test,2026-09,0.514234547275641
yesterday_mean,test,2025-10,0.4047654226062639
yesterday_mean,test,2025-11,0.4096618275462963
yesterday_mean,test,2025-12,0.2799882269265233
yesterday_mean,test,2026-01,0.3040497132616487
yesterday_mean,test,2026-02,0.3176893036954365
yesterday_mean,test,2026-03,0.2897608387156943
yesterday_mean,test,2026-04,0.3146281475694444
yesterday_mean,test,2026-05,0.3519644074820788
yesterday_mean,test,2026-06,0.339553765625
yesterday_mean,test,2026-07,0.2722009106182796
yesterday_mean,test,2026-08,0.3659403925851254
yesterday_mean,test,2026-09,0.5039017170806624
lgbm_price_l2,validation,2024-10,0.1579398834821976
lgbm_price_l2,validation,2024-11,0.2755409216405879
lgbm_price_l2,validation,2024-12,0.2857168331632979
lgbm_price_l2,validation,2025-01,0.3185434132519013
lgbm_price_l2,validation,2025-02,0.2536473663771389
lgbm_price_l2,validation,2025-03,0.2639348766250561
lgbm_price_l2,validation,2025-04,0.1734280989670902
lgbm_price_l2,validation,2025-05,0.174183426690475
lgbm_price_l2,validation,2025-06,0.1330890052650729
lgbm_price_l2,validation,2025-07,0.1642380836973795
lgbm_price_l2,validation,2025-08,0.1664642803088938
lgbm_price_l2,validation,2025-09,0.2156041398824503
lgbm_price_l1,validation,2024-10,0.1517344817422126
lgbm_price_l1,validation,2024-11,0.2928234182991083
lgbm_price_l1,validation,2024-12,0.2680571259607075
lgbm_price_l1,validation,2025-01,0.3042315867141741
lgbm_price_l1,validation,2025-02,0.2441018446096358
lgbm_price_l1,validation,2025-03,0.2741507013750172
lgbm_price_l1,validation,2025-04,0.1693178808896157
lgbm_price_l1,validation,2025-05,0.1864671678226748
lgbm_price_l1,validation,2025-06,0.1256457018772677
lgbm_price_l1,validation,2025-07,0.1586087373989936
lgbm_price_l1,validation,2025-08,0.1704400529980171
lgbm_price_l1,validation,2025-09,0.2274631064712507
lgbm_diff_l2,validation,2024-10,0.1696957975525885
lgbm_diff_l2,validation,2024-11,0.2699193177023093
lgbm_diff_l2,validation,2024-12,0.2904467090022138
lgbm_diff_l2,validation,2025-01,0.3092356637313481
lgbm_diff_l2,validation,2025-02,0.2553548173122595
lgbm_diff_l2,validation,2025-03,0.2653162979427269
lgbm_diff_l2,validation,2025-04,0.1765915993991383
lgbm_diff_l2,validation,2025-05,0.1902532765075169
lgbm_diff_l2,validation,2025-06,0.1380270899128585
lgbm_diff_l2,validation,2025-07,0.1683878491964089
lgbm_diff_l2,validation,2025-08,0.1627819258084923
lgbm_diff_l2,validation,2025-09,0.222266183320149
lgbm_diff_l1,validation,2024-10,0.1458826725734388
lgbm_diff_l1,validation,2024-11,0.2856781654132438
lgbm_diff_l1,validation,2024-12,0.2859249746752191
lgbm_diff_l1,validation,2025-01,0.3054402584003626
lgbm_diff_l1,validation,2025-02,0.253720235907783
lgbm_diff_l1,validation,2025-03,0.2783787117648504
lgbm_diff_l1,validation,2025-04,0.1743334292115017
lgbm_diff_l1,validation,2025-05,0.1948636586470672
lgbm_diff_l1,validation,2025-06,0.1343279431024666
lgbm_diff_l1,validation,2025-07,0.1702099014360306
lgbm_diff_l1,validation,2025-08,0.169740211731381
lgbm_diff_l1,validation,2025-09,0.2341207511313308
lstm,validation,2024-10,0.1174184750870367
lstm,validation,2024-11,0.2413026620338989
lstm,validation,2024-12,0.2650755455898131
lstm,validation,2025-01,0.2646350806178814
lstm,validation,2025-02,0.2461833790228522
lstm,validation,2025-03,0.238134352093654
lstm,validation,2025-04,0.1900284462048297
lstm,validation,2025-05,0.1908990749726823
lstm,validation,2025-06,0.1334341353713823
lstm,validation,2025-07,0.1536129640972163
lstm,validation,2025-08,0.1392402268889636
lstm,validation,2025-09,0.2106797668931081
lgbm_price_l1,test,2025-10,0.2729968390354981
lgbm_price_l1,test,2025-11,0.228141571681259
lgbm_price_l1,test,2025-12,0.1890137543014731
lgbm_price_l1,test,2026-01,0.2334555539991521
lgbm_price_l1,test,2026-02,0.2186900831352256
lgbm_price_l1,test,2026-03,0.19265891246493
lgbm_price_l1,test,2026-04,0.1982937917472212
lgbm_price_l1,test,2026-05,0.268948749437957
lgbm_price_l1,test,2026-06,0.2334364527160207
lgbm_price_l1,test,2026-07,0.2055724557396624
lgbm_price_l1,test,2026-08,0.2769469358475902
lgbm_price_l1,test,2026-09,0.3333542830357733
lstm,test,2025-10,0.254911338666896
lstm,test,2025-11,0.1970217929545175
lstm,test,2025-12,0.1708086429033077
lstm,test,2026-01,0.1917640987032287
lstm,test,2026-02,0.205165452362167
lstm,test,2026-03,0.1681552330068853
lstm,test,2026-04,0.205880634056784
lstm,test,2026-05,0.1987387293266941
lstm,test,2026-06,0.2141841103230269
lstm,test,2026-07,0.1905113334608874
lstm,test,2026-08,0.2229473778089056
lstm,test,2026-09,0.3003998050012881
