run_name,stage,model,mae,rmse,rel_mae,hours,data_fingerprint,git_commit,uncommitted_changes,started_utc,run_id,params
lstm,test,lstm,0.20887583912498836,0.2974446845445541,0.6604823811306,8664,11b4340a4a39,c83b33d474f83c596b1ba644f5eda26d7c9582a1,False,2026-10-01 21:19:03.236000+00:00,33e7e38a663b4edcbac3bad66dcb511a,"{""batch_size"": ""256"", ""data_end"": ""2026-09-27 01:00:00+02:00"", ""data_fingerprint"": ""11b4340a4a39"", ""data_rows"": ""34057"", ""data_start"": ""2022-11-08 00:00:00+01:00"", ""device"": ""cpu"", ""hidden"": ""32"", ""holdout_days"": ""60"", ""inputs"": ""is_weekend,is_holiday,price_lag_24h,price_lag_48h,price_lag_168h,prev_day_mean,prev_day_min,prev_day_max,prev_day_std,prev_7d_mean,temperature_2m,wind_speed_10m,precipitation,cloud_cover,shortwave_radiation,hour_sin,hour_cos,weekday_sin,weekday_cos,month_sin,month_cos"", ""learning_rate"": ""0.001"", ""loss"": ""L1"", ""max_epochs"": ""40"", ""pandas_version"": ""3.0.6"", ""patience"": ""5"", ""period_end"": ""2026-09-27"", ""period_start"": ""2025-10-01"", ""prediction_weather"": ""2-day-old forecasts"", ""python_version"": ""3.12.0"", ""retrain"": ""monthly walk-forward"", ""seed"": ""42"", ""seq_len"": ""168"", ""torch_version"": ""2.14.0""}"
lgbm_price_l1,test,lightgbm,0.23661336512540918,0.32821368653029437,0.7481906929017252,8664,11b4340a4a39,c83b33d474f83c596b1ba644f5eda26d7c9582a1,False,2026-10-01 21:18:30.458000+00:00,989e7f5ec10146c786a225a7b7df53f2,"{""colsample_bytree"": ""0.8"", ""data_end"": ""2026-09-27 01:00:00+02:00"", ""data_fingerprint"": ""11b4340a4a39"", ""data_rows"": ""34057"", ""data_start"": ""2022-11-08 00:00:00+01:00"", ""features"": ""hour,weekday,month,is_weekend,is_holiday,price_lag_24h,price_lag_48h,price_lag_168h,prev_day_mean,prev_day_min,prev_day_max,prev_day_std,prev_7d_mean,temperature_2m,wind_speed_10m,precipitation,cloud_cover,shortwave_radiation"", ""learning_rate"": ""0.03"", ""lightgbm_version"": ""4.7.0"", ""min_child_samples"": ""50"", ""n_estimators"": ""600"", ""num_leaves"": ""31"", ""objective"": ""l1"", ""pandas_version"": ""3.0.6"", ""period_end"": ""2026-09-27"", ""period_start"": ""2025-10-01"", ""prediction_weather"": ""2-day-old forecasts"", ""python_version"": ""3.12.0"", ""random_state"": ""42"", ""retrain"": ""monthly walk-forward"", ""subsample"": ""0.8"", ""subsample_freq"": ""1"", ""target"": ""price"", ""verbose"": ""-1""}"
weekly_naive,test,baseline,0.3162474050669437,0.43973087040433195,1.0,8664,11b4340a4a39,c83b33d474f83c596b1ba644f5eda26d7c9582a1,False,2026-10-01 21:00:51.589000+00:00,9d85059bf5744e35bfa6406d368fc5a9,"{""data_end"": ""2026-09-27 01:00:00+02:00"", ""data_fingerprint"": ""11b4340a4a39"", ""data_rows"": ""34057"", ""data_start"": ""2022-11-08 00:00:00+01:00"", ""pandas_version"": ""3.0.6"", ""python_version"": ""3.12.0"", ""rule"": ""weekly_naive""}"
same_hour_yesterday,test,baseline,0.3170048574561404,0.44482368625922347,1.0023951260217814,8664,11b4340a4a39,c83b33d474f83c596b1ba644f5eda26d7c9582a1,False,2026-10-01 21:00:51.299000+00:00,f375f2ffdfb64f76afc4ecd4051fe115,"{""data_end"": ""2026-09-27 01:00:00+02:00"", ""data_fingerprint"": ""11b4340a4a39"", ""data_rows"": ""34057"", ""data_start"": ""2022-11-08 00:00:00+01:00"", ""pandas_version"": ""3.0.6"", ""python_version"": ""3.12.0"", ""rule"": ""same_hour_yesterday""}"
yesterday_mean,test,baseline,0.34417068284076957,0.45882158921136434,1.088295673976882,8664,11b4340a4a39,c83b33d474f83c596b1ba644f5eda26d7c9582a1,False,2026-10-01 21:00:51.725000+00:00,27eafe2d37d44e419b2ec90140104296,"{""data_end"": ""2026-09-27 01:00:00+02:00"", ""data_fingerprint"": ""11b4340a4a39"", ""data_rows"": ""34057"", ""data_start"": ""2022-11-08 00:00:00+01:00"", ""pandas_version"": ""3.0.6"", ""python_version"": ""3.12.0"", ""rule"": ""yesterday_mean""}"
same_hour_last_week,test,baseline,0.39831818271006464,0.5497024614483902,1.2595144697732716,8664,11b4340a4a39,c83b33d474f83c596b1ba644f5eda26d7c9582a1,False,2026-10-01 21:00:51.449000+00:00,f7e7415bc93047de853833d18177b447,"{""data_end"": ""2026-09-27 01:00:00+02:00"", ""data_fingerprint"": ""11b4340a4a39"", ""data_rows"": ""34057"", ""data_start"": ""2022-11-08 00:00:00+01:00"", ""pandas_version"": ""3.0.6"", ""python_version"": ""3.12.0"", ""rule"": ""same_hour_last_week""}"
lstm,validation,lstm,0.198879294244637,0.3368753748435411,0.6700295821985126,8760,11b4340a4a39,c83b33d474f83c596b1ba644f5eda26d7c9582a1,False,2026-10-01 21:02:57.732000+00:00,308b540daeca446a82018e0db32c08e9,"{""batch_size"": ""256"", ""data_end"": ""2026-09-27 01:00:00+02:00"", ""data_fingerprint"": ""11b4340a4a39"", ""data_rows"": ""34057"", ""data_start"": ""2022-11-08 00:00:00+01:00"", ""device"": ""cpu"", ""hidden"": ""32"", ""holdout_days"": ""60"", ""inputs"": ""is_weekend,is_holiday,price_lag_24h,price_lag_48h,price_lag_168h,prev_day_mean,prev_day_min,prev_day_max,prev_day_std,prev_7d_mean,temperature_2m,wind_speed_10m,precipitation,cloud_cover,shortwave_radiation,hour_sin,hour_cos,weekday_sin,weekday_cos,month_sin,month_cos"", ""learning_rate"": ""0.001"", ""loss"": ""L1"", ""max_epochs"": ""40"", ""pandas_version"": ""3.0.6"", ""patience"": ""5"", ""period_end"": ""2025-10-01"", ""period_start"": ""2024-10-01"", ""prediction_weather"": ""2-day-old forecasts"", ""python_version"": ""3.12.0"", ""retrain"": ""monthly walk-forward"", ""seed"": ""42"", ""seq_len"": ""168"", ""torch_version"": ""2.14.0""}"
lgbm_price_l1,validation,lightgbm,0.21427846485954727,0.34806794923183126,0.7219097937232987,8760,11b4340a4a39,c83b33d474f83c596b1ba644f5eda26d7c9582a1,False,2026-10-01 21:01:23.207000+00:00,a6e02ab1a3de485b932905515bae9e86,"{""colsample_bytree"": ""0.8"", ""data_end"": ""2026-09-27 01:00:00+02:00"", ""data_fingerprint"": ""11b4340a4a39"", ""data_rows"": ""34057"", ""data_start"": ""2022-11-08 00:00:00+01:00"", ""features"": ""hour,weekday,month,is_weekend,is_holiday,price_lag_24h,price_lag_48h,price_lag_168h,prev_day_mean,prev_day_min,prev_day_max,prev_day_std,prev_7d_mean,temperature_2m,wind_speed_10m,precipitation,cloud_cover,shortwave_radiation"", ""learning_rate"": ""0.03"", ""lightgbm_version"": ""4.7.0"", ""min_child_samples"": ""50"", ""n_estimators"": ""600"", ""num_leaves"": ""31"", ""objective"": ""l1"", ""pandas_version"": ""3.0.6"", ""period_end"": ""2025-10-01"", ""period_start"": ""2024-10-01"", ""prediction_weather"": ""2-day-old forecasts"", ""python_version"": ""3.12.0"", ""random_state"": ""42"", ""retrain"": ""monthly walk-forward"", ""subsample"": ""0.8"", ""subsample_freq"": ""1"", ""target"": ""price"", ""verbose"": ""-1""}"
lgbm_price_l2,validation,lightgbm,0.21503895749853025,0.33967154216694695,0.7244719134607914,8760,11b4340a4a39,c83b33d474f83c596b1ba644f5eda26d7c9582a1,False,2026-10-01 21:00:54.106000+00:00,69261bddd5ec46b29f08bff60136313a,"{""colsample_bytree"": ""0.8"", ""data_end"": ""2026-09-27 01:00:00+02:00"", ""data_fingerprint"": ""11b4340a4a39"", ""data_rows"": ""34057"", ""data_start"": ""2022-11-08 00:00:00+01:00"", ""features"": ""hour,weekday,month,is_weekend,is_holiday,price_lag_24h,price_lag_48h,price_lag_168h,prev_day_mean,prev_day_min,prev_day_max,prev_day_std,prev_7d_mean,temperature_2m,wind_speed_10m,precipitation,cloud_cover,shortwave_radiation"", ""learning_rate"": ""0.03"", ""lightgbm_version"": ""4.7.0"", ""min_child_samples"": ""50"", ""n_estimators"": ""600"", ""num_leaves"": ""31"", ""objective"": ""l2"", ""pandas_version"": ""3.0.6"", ""period_end"": ""2025-10-01"", ""period_start"": ""2024-10-01"", ""prediction_weather"": ""2-day-old forecasts"", ""python_version"": ""3.12.0"", ""random_state"": ""42"", ""retrain"": ""monthly walk-forward"", ""subsample"": ""0.8"", ""subsample_freq"": ""1"", ""target"": ""price"", ""verbose"": ""-1""}"
lgbm_diff_l2,validation,lightgbm,0.21805402608011185,0.3394285310808399,0.7346297589503877,8760,11b4340a4a39,c83b33d474f83c596b1ba644f5eda26d7c9582a1,False,2026-10-01 21:01:54.378000+00:00,668bec7c361349ebaa93983d42a60fed,"{""colsample_bytree"": ""0.8"", ""data_end"": ""2026-09-27 01:00:00+02:00"", ""data_fingerprint"": ""11b4340a4a39"", ""data_rows"": ""34057"", ""data_start"": ""2022-11-08 00:00:00+01:00"", ""features"": ""hour,weekday,month,is_weekend,is_holiday,price_lag_24h,price_lag_48h,price_lag_168h,prev_day_mean,prev_day_min,prev_day_max,prev_day_std,prev_7d_mean,temperature_2m,wind_speed_10m,precipitation,cloud_cover,shortwave_radiation"", ""learning_rate"": ""0.03"", ""lightgbm_version"": ""4.7.0"", ""min_child_samples"": ""50"", ""n_estimators"": ""600"", ""num_leaves"": ""31"", ""objective"": ""l2"", ""pandas_version"": ""3.0.6"", ""period_end"": ""2025-10-01"", ""period_start"": ""2024-10-01"", ""prediction_weather"": ""2-day-old forecasts"", ""python_version"": ""3.12.0"", ""random_state"": ""42"", ""retrain"": ""monthly walk-forward"", ""subsample"": ""0.8"", ""subsample_freq"": ""1"", ""target"": ""diff"", ""verbose"": ""-1""}"
lgbm_diff_l1,validation,lightgbm,0.21922221005192716,0.3497329626833661,0.738565401529668,8760,11b4340a4a39,c83b33d474f83c596b1ba644f5eda26d7c9582a1,False,2026-10-01 21:02:24.064000+00:00,3e9ddcecf176425893fd277e960997d0,"{""colsample_bytree"": ""0.8"", ""data_end"": ""2026-09-27 01:00:00+02:00"", ""data_fingerprint"": ""11b4340a4a39"", ""data_rows"": ""34057"", ""data_start"": ""2022-11-08 00:00:00+01:00"", ""features"": ""hour,weekday,month,is_weekend,is_holiday,price_lag_24h,price_lag_48h,price_lag_168h,prev_day_mean,prev_day_min,prev_day_max,prev_day_std,prev_7d_mean,temperature_2m,wind_speed_10m,precipitation,cloud_cover,shortwave_radiation"", ""learning_rate"": ""0.03"", ""lightgbm_version"": ""4.7.0"", ""min_child_samples"": ""50"", ""n_estimators"": ""600"", ""num_leaves"": ""31"", ""objective"": ""l1"", ""pandas_version"": ""3.0.6"", ""period_end"": ""2025-10-01"", ""period_start"": ""2024-10-01"", ""prediction_weather"": ""2-day-old forecasts"", ""python_version"": ""3.12.0"", ""random_state"": ""42"", ""retrain"": ""monthly walk-forward"", ""subsample"": ""0.8"", ""subsample_freq"": ""1"", ""target"": ""diff"", ""verbose"": ""-1""}"
same_hour_yesterday,validation,baseline,0.2736137248858448,0.4528648579423237,0.9218118480626346,8760,11b4340a4a39,c83b33d474f83c596b1ba644f5eda26d7c9582a1,False,2026-10-01 21:00:50.719000+00:00,5bfa5475f03340d190f7b786e9eac252,"{""data_end"": ""2026-09-27 01:00:00+02:00"", ""data_fingerprint"": ""11b4340a4a39"", ""data_rows"": ""34057"", ""data_start"": ""2022-11-08 00:00:00+01:00"", ""pandas_version"": ""3.0.6"", ""python_version"": ""3.12.0"", ""rule"": ""same_hour_yesterday""}"
weekly_naive,validation,baseline,0.29682166210045663,0.48077889206723423,1.0,8760,11b4340a4a39,c83b33d474f83c596b1ba644f5eda26d7c9582a1,False,2026-10-01 21:00:51.017000+00:00,3c2c17892230430caf82e85de114db18,"{""data_end"": ""2026-09-27 01:00:00+02:00"", ""data_fingerprint"": ""11b4340a4a39"", ""data_rows"": ""34057"", ""data_start"": ""2022-11-08 00:00:00+01:00"", ""pandas_version"": ""3.0.6"", ""python_version"": ""3.12.0"", ""rule"": ""weekly_naive""}"
yesterday_mean,validation,baseline,0.30554509993977896,0.4609673806295953,1.0293894919177764,8760,11b4340a4a39,c83b33d474f83c596b1ba644f5eda26d7c9582a1,False,2026-10-01 21:00:51.159000+00:00,6140c01c58aa45b1a1bb5423807bf70c,"{""data_end"": ""2026-09-27 01:00:00+02:00"", ""data_fingerprint"": ""11b4340a4a39"", ""data_rows"": ""34057"", ""data_start"": ""2022-11-08 00:00:00+01:00"", ""pandas_version"": ""3.0.6"", ""python_version"": ""3.12.0"", ""rule"": ""yesterday_mean""}"
same_hour_last_week,validation,baseline,0.3769193687214612,0.5852367946122341,1.2698512839467095,8760,11b4340a4a39,c83b33d474f83c596b1ba644f5eda26d7c9582a1,False,2026-10-01 21:00:50.878000+00:00,eff5cbd381744bf6a46b011c7ea8787b,"{""data_end"": ""2026-09-27 01:00:00+02:00"", ""data_fingerprint"": ""11b4340a4a39"", ""data_rows"": ""34057"", ""data_start"": ""2022-11-08 00:00:00+01:00"", ""pandas_version"": ""3.0.6"", ""python_version"": ""3.12.0"", ""rule"": ""same_hour_last_week""}"
